uid,code,title,status
noversions,noversions,No InstrumentVersions,active
alltypes,alltypes,All Types,active
mart1,mart1,RexMart Testcase #1,active
mart2,mart2,RexMart Testcase #2,active
mart3,mart3,RexMart Testcase #3,active
mart4,mart4,RexMart Testcase #4,active
mart5,mart5,RexMart Testcase #5,active
mart6,mart6,RexMart Testcase #6,active
mart7,mart7,RexMart Testcase #7,active
mart8,mart8,RexMart Testcase #8,active
mart9,mart9,RexMart Testcase #9,active
mart10,mart10,RexMart Testcase #10,active
mart11,mart11,RexMart Testcase #11,active
mart12,mart12,RexMart Testcase #13,active
